Business Name,Address,City,Prov,Description,Contact Number,Email Address,Names for Email,Contact Person,Business URL
Golf Home & Lounge,4040 Palladium Wy Unit 11-13,Burlington,Ontario,,+1 289-245-0016,zhtheme@gmail.com,Golf Home And Lounge,,golfhome.ca
Caddytek Service Center,1236 Speers Rd Unit 12,Oakville,Ontario,,,zfm6699@gmail.com,Caddytek Service Center,,frankgolf.ca
PARfect Swing Golf Academy,2061 Cornwall Rd Units 5-7,Oakville,Ontario,,+1 905-842-6968,zcreedpga@gmail.com,Parfect Swing Golf Academy,,parfectswing.ca
King's Forest Golf Club,100 Greenhill Ave,Hamilton,Ontario,Hilly 18-hole golf course with picturesque views & winter sledding opportunities.,+1 905-521-3970,zachary.nichol@gmail.com,Kings Forest Golf Club,,hamilton.ca
Wyldewood Golf and Country Club,6198 Trafalgar Rd,Milton,Ontario,,+1 905-878-4848,office@wyldewoodgolf.com,Wyldewood Golf And Country Club,,wyldewoodgolf.com
Skiis & Biikes,2063 Yonge St,Toronto,Ontario,,+1 416-391-0654,wojtek@nomadic-m.com,Skiis And Biikes,,skiisandbiikes.com
Albatross Indoor Golf Centre,105 Portia Dr,Ancaster,Ontario,,+1 833-310-4653,will@albatrossgolf.ca,Albatross Indoor Golf Centre,,albatrossgolf.ca
"Back Nine Golf | North Burlington, ON",5230 Dundas St A1,Burlington,Ontario,,+1 905-581-5660,wil@thebackninegolf.com,Back Nine Golf | North Burlington On,,backninegolf.ca
GTA Gold Buyers & Loans,764 Guelph Line Unit 2,Burlington,Ontario,,+1 289-638-3031,whitby@gtagoldbuyers.com,Gta Gold Buyers And Loans,,gtagoldbuyers.com
Toronto Golf Club,1305 Dixie Rd,Mississauga,Ontario,,+1 905-278-5255,web@torontogolfclub.com,Toronto Golf Club,,torontogolfclub.com
Germania Club of Hamilton Banquet Hall,863 King St E,Hamilton,Ontario,,+1 905-549-0513,web@germaniaclub.ca,Germania Club Of Hamilton Banquet Hall,,germaniaclub.ca
Glendale Golf Club,401 Mt Albion Rd,Hamilton,Ontario,,+1 905-561-1420,wdefilla@clublink.ca,Glendale Golf Club,,glendale.clublink.ca
Centreville Miniature Golf,,Centreville Island,Ontario,,+1 416-203-0405,wcb@centreisland.ca,Centreville Miniature Golf,,centreisland.ca
Wellness Shop at Jacuzzi Hamilton,1015 Golf Links Rd,Ancaster,Ontario,,+1 905-318-9823,warranty@wellnessshop.ca,Wellness Shop At Jacuzzi Hamilton,,wellnessshop.ca
Modern Golf Toronto Skymark,5027 Spectrum Way Unit C4,Mississauga,Ontario,,+1 905-624-4653,walt@moderngolf.biz,Modern Golf Toronto Skymark,,moderngolf.ca
WWM Golf,2483 Industrial St Unit 1,Burlington,Ontario,,+1 905-220-8550,wais@wwmgolf.com,Wwm Golf,,wwmgolf.com
Soccer World,521 North Service Rd E,Oakville,Ontario,,+1 905-815-8939,vinny@soccerworldcentral.com,Soccer World,,soccerworldcentral.com
PLAYLAB,970 Upper Wentworth St,Hamilton,Ontario,,+1 289-520-9665,victor.ortiz@toysrus.com,Playlab,,toysrus.ca
VTL Indoor Golf & Academy,8575 Keele St #9,Vaughan,Ontario,,+1 905-669-5151,vaughan@vtlgolf.com,Vtl Indoor Golf And Academy,,vtlvaughan.com
The Bubble Jump Park - Toronto,65 Orfus Rd Unit A,,Ontario,,+1 416-410-7469,vaughan@the-bubble.com,The Bubble Jump Park Toronto,,the-bubble.ca
KStadium Golf Vaughan,4000 Steeles Ave W #44c,Vaughan,Ontario,,+1 905-856-4005,vaughan@kstadiumgolf.com,Kstadium Golf Vaughan,,kstadium-vaughan.com
Clubhouse Indoor Golf,29 The Links Rd,,Ontario,,+1 437-249-2731,van@clubhouseindoorgolf.ca,Clubhouse Indoor Golf,,clubhouseindoorgolf.ca
Up To Par Indoor Golf,895 Langs Dr Unit 6,Cambridge,Ontario,,+1 519-222-8394,uptoparindoorgolf@outlook.com,Up To Par Indoor Golf,,uptoparindoorgolf.com
Athletic Centre,320 Huron St,Toronto,Ontario,,+1 416-978-3436,undergrad.kpe@utoronto.ca,Athletic Centre,,kpe.utoronto.ca
Open Court,2511 Yonge St,Toronto,Ontario,,+1 437-224-4682,u003einfo@shopopencourt.com,Open Court,,shopopencourt.com
Splitsville Bowl Burlington,830 Laurentian Dr,Burlington,Ontario,,+1 905-333-6570,u003eaccessibility@splitsville.ca,Splitsville Bowl Burlington,,splitsvillebowl.ca
The Brown Barrel Eatery,1515 Upper Ottawa St,Hamilton,Ontario,,+1 905-575-4606,typesetit@att.net,The Brown Barrel Eatery,,brownbarrel.ca
Knollwood Golf Club - Old Course,1276 Shaver Rd,Ancaster,Ontario,,+1 905-648-6687,tyandaga@burlington.ca,Knollwood Golf Club Old Course,,knollwoodgolfclub.com
Lacoste Yorkdale,3401 Dufferin St Unit 67,,Ontario,"Chain known for polo shirts sells men's & women's apparel, accessories, leather goods & sportswear.",+1 647-748-1212,twardlow@lacoste-usa.com,Lacoste Yorkdale,,lacoste.com
Cambridge Club,100 Richmond St W 11th floor,Toronto,Ontario,,+1 416-862-1077,tward@alteredimage.com,Cambridge Club,,thecambridgeclub.com
Apex Centre,67 Frid St Unit 4,Hamilton,Ontario,,+1 289-389-6866,ttrupp@g.emporia.edu,Apex Centre,,apexperformancetraining.com
Toronto Disc Exchange,687 Euclid Ave,Toronto,Ontario,,+1 905-394-1701,torontodiscexchange@gmail.com,Toronto Disc Exchange,,torontodiscexchange.ca
Par-Tee Putt,26 Duncan St,Toronto,Ontario,Expansive hangout boasting 27 whimsically themed mini golf holes & serving drinks & pub fare.,+1 647-952-9594,toronto@parteeputt.com,Par Tee Putt,,parteeputt.com
EZ Golf,1450 Clark Ave W Unit 1 C,Thornhill,Ontario,,,toronto@ezgolfcanada.com,Ez Golf,,ezgolfcanada.com
Hamilton Indoor Go Karts,193 Cavell Ave,Hamilton,Ontario,,+1 905-545-0055,topbananamedia@gmail.com,Hamilton Indoor Go Karts,,hamiltonindoorgokarts.com
High Definition Golf,498 Markland St,Markham,Ontario,,+1 866-323-0095,toddr@hdgolf.com,High Definition Golf,,hdgolf.com
The Golf Gallery,2887 Bloor St W,,Ontario,,+1 416-232-1774,thegolfgallery@rogers.com,The Golf Gallery,,golfgallery.ca
The Duffers Invitational Golf Tournament,3271 Bloor St W,,Ontario,,+1 416-402-4338,theduffersinvitational@gmail.com,The Duffers Invitational Golf Tournament,,theduffersinvitational.com
The Local Skate Shop,341 James St N,Hamilton,Ontario,,+1 905-906-5930,the.local@hotmail.com,The Local Skate Shop,,thelocalskateshop.ca
Burlington Golf & Country Club,422 North Shore Blvd E,Burlington,Ontario,"Founded in 1922, this waterfront golf course offers 18 holes & a clubhouse in a picturesque setting.",+1 905-634-7726,tfisher@burlingtongolfclub.com,Burlington Golf And Country Club,,burlingtongolfclub.com
GlobalGolf Canada,6705 Millcreek Dr #1,Mississauga,Ontario,,+1 866-843-0255,textsupport@wunderkind.co,Globalgolf Canada,,globalgolf.ca
Within Range Golf Centres Inc,3050 Guelph Line Nb,Burlington,Ontario,,+1 905-319-8870,terry@withinrange.ca,Within Range Golf Centres,,withinrange.ca
Back Nine HD Golf Inc.,7170 W Credit Ave,Mississauga,Ontario,,+1 905-814-6464,team@latofonts.com,Back Nine Hd Golf,,back-nine.ca
Archers Arena Toronto,1140 Sheppard Ave W Unit 4,,Ontario,,+1 647-992-7362,team@archersarena.com,Archers Arena Toronto,,archersarena.com
Flamborough Hills Golf Club,71 Hwy 52,Copetown,Ontario,,+1 905-627-1743,tdejonge@flamboroughhills.com,Flamborough Hills Golf Club,,flamboroughhills.com
Scenic Woods Golf Club,185 Golf Club Rd,Hannon,Ontario,,+1 888-833-8787,tclaydon.forest@golfnorth.ca,Scenic Woods Golf Club,,golfnorth.ca
Golf Smith Academy,3050 Guelph Line,Burlington,Ontario,,+1 905-483-3260,taylor@golfsmithacademy.com,Golf Smith Academy,,golfsmithacademy.com
Humber Lakeshore Campus Store,"Lakeshore Campus, 3199 Lake Shore Blvd W",,Ontario,,+1 647-251-8794,tashnedh@gmail.com,Humber Lakeshore Campus Store,,bkstr.com
TARGET Indoor Golf,1033 Edgeley Blvd Unit 1,Concord,Ontario,,+1 647-797-7702,targetgolfcanada@gmail.com,Target Indoor Golf,,targetindoorgolf.com
Tilley Endurables,61 Ossington Ave,Toronto,Ontario,,+1 647-351-3511,sylviapregasem@gmail.com,Tilley Endurables,,tilley.com
Swing N Smash Golf Inc.,"C1&C2 Lower Level, 918 Dundas St E",Mississauga,Ontario,,+1 437-604-8787,swingnsmashgolf@gmail.com,Swing N Smash Golf,,swingnsmash.com
The Boulevard Club,1491 Lake Shore Blvd W,Toronto,Ontario,,+1 416-532-3341,susan@leadershipthatmatters.com,The Boulevard Club,,boulevardclub.com
George Richards Big & Tall,685 Wilson Ave Building H,,Ontario,,+1 416-635-1531,supportgr@georgerichards.ca,George Richards Big And Tall,,georgerichardsbigandtall.ca
Activate Burlington,2030 Appleby Line Unit D20,Burlington,Ontario,,+1 289-337-2838,support+overlandpark@activate.games,Activate Burlington,,playactivate.com
Transition Golf,2045 Dundas St E Unit 5,Mississauga,Ontario,,+1 416-677-2833,support@transitiongolf.ca,Transition Golf,,transitiongolf.ca
Spokes and Sports,1889 Avenue Rd,Toronto,Ontario,,+1 416-787-6238,support@spokesandsports.com,Spokes And Sports,,spokesandsports.com
Al's Source For Sports,3485 Fairview St,Burlington,Ontario,"National sports retail brand selling clothing & footwear, plus equipment & accessories.",+1 905-634-8888,support@sourceforsports.com,Als Source For Sports,,sourceforsports.ca
Shotgun Golf Mississauga,72 Lakeshore Rd E,Mississauga,Ontario,,+1 647-794-3240,support@shotgungolf.ca,Shotgun Golf Mississauga,,shotgungolf.ca
Puttstop Indoor Golf and Driving Range,3305 Harvester Rd Unit 6,Burlington,Ontario,,+1 289-962-9998,support@puttstop.ca,Puttstop Indoor Golf And Driving Range,,puttstop.ca
PGM Indoor Golf,2878 Lake Shore Blvd W,,Ontario,,+1 647-222-9279,support@pgmindoorgolf.com,Pgm Indoor Golf,,pgmindoorgolf.ca
Parluxe Indoor Golf,2157 Royal Windsor Dr,Mississauga,Ontario,,+1 807-700-6663,support@parluxegolf.com,Parluxe Indoor Golf,,parluxegolf.com
Pace of Play - Indoor Golf,2110 Dundas St E #5,Mississauga,Ontario,,+1 905-273-3223,support@paceofplaygolf.ca,Pace Of Play Indoor Golf,,paceofplaygolf.ca
Niagara Golf Warehouse,10 Dunlop Dr Unit F,St. Catharines,Ontario,,+1 905-984-6306,support@ngwgolf.com,Niagara Golf Warehouse,,niagaragolf.ca
Foreplay Indoor Golf,9390 Woodbine Ave 2nd Floor #2D21,Markham,Ontario,,+1 437-529-1880,support@foreplayindoorgolf.ca,Foreplay Indoor Golf,,foreplayindoorgolf.ca
Nike - The Eaton Center,220 Yonge St Suite A038A,Toronto,Ontario,"Chain retailer selling a range of Nike athletic footwear, apparel & accessories for adults & kids.",+1 416-591-0325,SUMMER.PELGER@NIKE.COM,Nike The Eaton Center,,nike.com
Next Golf,701 Guelph Line,Burlington,Ontario,,+1 905-803-9913,sudbury@nextgolf.ca,Next Golf,,nextgolf.ca
Peak Performance Golf & Athletics,31 Jevlan Dr,Woodbridge,Ontario,,+1 647-482-7325,stacey@golfatpeak.com,Peak Performance Golf And Athletics,,golfatpeak.com
G.C. Duke Equipment Ltd,1184 Plains Rd E,Burlington,Ontario,,+1 800-883-0761,ssiple@gcduke.com,G C Duke Equipment,,gcduke.com
Lions Park,471 Pearl St,Burlington,Ontario,,,sjs@sicilianolaw.com,Lions Park,,burlington.ca
Simons,3401 Dufferin St,,Ontario,"Retailer carrying men's & women's designer clothing, plus shoes, accessories & home decor.",+1 416-933-8322,simonshlph@gmail.com,Simons,,simons.ca
SIG Orthopaedic & Medical Services,2221 Keele St,,Ontario,,+1 647-444-2994,sigortho.com@gmail.com,Sig Orthopaedic And Medical Services,,sigorthopaedic.com
Ultimate Golf & Leisure,7250 Keele St Unit 55 (First Left at Entrance E,Concord,ON,,+1 905-883-3673,shop@ultimategolfandleisure.ca,Ultimate Golf And Leisure,,ugl.golf
The Golf Loft,12612 Hwy 50 Unit 13B,Bolton,Ontario,,+1 647-874-3969,shahzaib@thegolflofts.com,The Golf Loft,,thegolflofts.com
MGI Golf Canada,2526 Speers Rd,Oakville,Ontario,,+1 800-617-2990,servicecanada@mgigolf.com,Mgi Golf Canada,,ca.mgigolf.com
10XTO,107 Princes' Blvd,Toronto,Ontario,,+1 647-475-9295,service@libraryhotelcollection.com,10Xto,,10xto.com
DSW Designer Shoe Warehouse,310 North Service Rd W,Oakville,Ontario,"Retail chain known for its discounted brand-name & designer shoes, handbags & accessories.",+1 289-815-1480,service@dswcanada.ca,Dsw Designer Shoe Warehouse,,stores.dsw.ca
Sean Casey Golf,1137 1 Side Rd,Burlington,Ontario,,+1 905-617-4030,seancaseygolf@gmail.com,Sean Casey Golf,,seancaseygolf.com
Golf Lessons in Oakville & Surrounding Areas | Sean Carlino Golf,3485 Rebecca St #207,Oakville,Ontario,,+1 289-339-2215,seancarlinogolf@gmail.com,Golf Lessons In Oakville And Surrounding Areas | Sean Carlino Golf,,seancarlinogolf.com
TOUR Performance Golf Academy at Piper's Heath Golf Club,5501 Trafalgar Rd,Milton,Ontario,,+1 416-831-9389,seanburkegolf@gmail.com,Tour Performance Golf Academy At Pipers Heath Golf Club,,tpgolfacademy.com
Beverly Golf & Country Club,1211 2ND Concession Road,Copetown,Ontario,,+1 905-628-2285,sdyker@beverlygolfclub.org,Beverly Golf And Country Club,,beverlygolfclub.org
Hamilton Golf and Country Club,232 Golf Links Rd,Ancaster,Ontario,,+1 905-648-4471,scowx@hgcc.ca,Hamilton Golf And Country Club,,hgcc.ca
Golf Liquidators,230 Anchor Rd,Hamilton,Ontario,,+1 905-574-4152,scott@golfliquidatorsonline.com,Golf Liquidators,,canadagolfoutlets.com
Canadian Tire,1100 Kerr St,Oakville,Ontario,,+1 905-844-0202,scott.russell@cantire.com,Canadian Tire,,canadiantire.ca
Mount Nemo Golf Club,5377 Walkers Line,Burlington,Ontario,,+1 905-335-2955,savouringthemoment@gmail.com,Mount Nemo Golf Club,,mountnemogolfclub.ca
Kudos Golf,2172 Wyecroft Rd Unit# 7,Oakville,Ontario,,+1 647-725-7745,saskatoon@kudosgolf.com,Kudos Golf,,kudosgolf.com
lululemon,318 Queen St W,Toronto,Ontario,High-end yoga-focused chain featuring stylish athletic wear & accessories.,+1 226-779-7415,sarasota-store@lululemon.com,Lululemon,,shop.lululemon.com
Albion Golf Cars,29 Advance Rd,,Ontario,,+1 416-236-1001,sarah@albiongolfcars.com,Albion Golf Cars,,albiongolfcars.com
The Rec Room Roundhouse,255 Bremner Blvd,Toronto,Ontario,"Airy, spacious mini-chain for pub grub & craft beer plus arcade games, pool tables & live acts.",+1 416-815-0086,sarah.vance@therecroom.com,The Rec Room Roundhouse,,therecroom.com
Lowville Golf Club,2662 Britannia Rd,Burlington,Ontario,,+1 905-335-6181,sandywhite@lowvillegolf.com,Lowville Golf Club,,lowvillegolf.com
Kith Toronto,78 Yorkville Ave,Toronto,Ontario,,+1 306-912-5978,sam@kithnyc.com,Kith Toronto,,kith.com
InHome Golf,1575 Trinity Dr Unit 6,Mississauga,Ontario,,+1 800-557-5859,sam@inhomegolf.ca,Inhome Golf,,inhomegolf.com
Southwest Greens Ontario,2147 Deerwood Dr,Burlington,Ontario,,+1 866-950-7888,sales@swgontario.com,Southwest Greens Ontario,,swgontario.com
"OnGreen Sports, Caddytek Reseller",1236 Speers Rd Unit 12,Oakville,Ontario,,+1 437-607-3366,sales@ongreensports.com,Ongreen Sports Caddytek Reseller,,ongreensports.com
Maple Indoor Golf,4161 Sladeview Crescent Unit 4,Mississauga,Ontario,,+1 289-327-3228,sales@mapleindoorgolf.ca,Maple Indoor Golf,,mapleindoorgolf.ca
Hamilton Builders' Supply,164 Limeridge Rd E,Hamilton,Ontario,,+1 905-388-2352,sales@hamiltonbuilders.com,Hamilton Builders Supply,,hamiltonbuilders.ca
Golf Trolleys Canada,1410 Speers Rd #3,Oakville,Ontario,,+1 800-469-0061,sales@golftrolleys.ca,Golf Trolleys Canada,,golftrolleys.ca
Enola Gaye Canada,14B Advance Rd,,Ontario,,+1 416-551-5540,sales@enolagaye.ca,Enola Gaye Canada,,enolagaye.ca
Coastal Reign Printing,310 Judson St Unit 3,,Ontario,,+1 647-494-6266,sales@coastalreign.com,Coastal Reign Printing,,coastalreign.com
Chuck & Oaks Golf Shop,3070 Mainway #13-14,Burlington,Ontario,,+1 289-337-4139,ryan@chuckandoaks.com,Chuck And Oaks Golf Shop,,chuckandoaks.com
Copetown Woods Golf Club,1430 Concession 2 Rd W,Copetown,Ontario,,+1 905-627-4653,rtrask@copetownwoods.com,Copetown Woods Golf Club,,copetownwoods.com
Sporting Life,2665 Yonge St,Toronto,Ontario,"Large store with outdoor-sport equipment including bikes, skis & boards, plus outerwear & footwear.",+1 416-485-1611,rtran@sportinglife.com,Sporting Life,,sportinglife.ca
Rosedale Golf Club,1901 Mt Pleasant Rd,,Ontario,,+1 416-485-9321,rperin@rosedalegolf.org,Rosedale Golf Club,,rosedalegolf.org
Roseland Park Country Club,3079 Princess Blvd,Burlington,Ontario,,+1 905-634-6068,roselandoutdoors@gmail.com,Roseland Park Country Club,,roselandclub.org
Hidden Lake Golf Club,1137 1 Side Rd,Burlington,Ontario,,+1 905-336-3660,robertzuzak101@gmail.com,Hidden Lake Golf Club,,hiddenlake.clublink.ca
Markham Golf Dome,150 Burncrest Rd,Markham,Ontario,"Massive, award-winning driving range with a 45-stall domed indoor range & 65-stall outdoor facility.",+1 905-475-3663,robertdconway@hotmail.com,Markham Golf Dome,,markhamgolfdome.com
Golfi Property Management,1 Markland St,Hamilton,Ontario,,+1 289-981-7775,rob.golfi@followupboss.me,Golfi Property Management,,golfipropertymanagement.com
South Oakville Centre,1515 Rebecca St,Oakville,Ontario,"Quiet mall with various stores, services & salons, plus a supermarket & an Italian restaurant.",+1 905-827-7146,rmitz@smartcentres.com,South Oakville Centre,,southoakvillecentre.com
Mastermind Toys,4242 Dundas St W Ste 9,,Ontario,,+1 416-239-1600,rmarchant@mastermindtoys.com,Mastermind Toys,,mastermindtoys.com
Rinx Toronto,65 Orfus Rd,,Ontario,,+1 416-783-6492,rinxhockey@rogers.com,Rinx Toronto,,rinxtoronto.com
Crosswinds Golf,6621 Guelph Line,Burlington,Ontario,,+1 905-319-5991,richard@crosswindsgolf.com,Crosswinds Golf,,crosswindsgolf.com
The Rob Golfi Team REMAX Real Estate Hamilton,1 Markland St,Hamilton,Ontario,,+1 905-798-0784,rgolfi@robgolfi.com,The Rob Golfi Team Remax Real Estate Hamilton,,robgolfi.com
Wentworth Sports Complex,2100 Main St W,Hamilton,Ontario,,+1 905-525-6233,rentals@hamiltonindoor.com,Wentworth Sports Complex,,wentworth.info
Oakdale Golf & Country Club,2388 Jane St,,Ontario,"Family-orientated 27-hole golf course with a pool, gym, tennis courts & clubhouse, open since 1926.",+1 416-245-3500,reception@oakdalegolf.com,Oakdale Golf And Country Club,,oakdalegolf.com
Real Sports Apparel,50 Bay St.,Toronto,Ontario,Massive outlet offering a variety of authentic pro-Toronto-team-licensed sportswear & accessories.,+1 416-815-5746,realsports@mustangproduct.com,Real Sports Apparel,,shop.realsports.ca
Indoor Golf Simulator Specialists & Installers,15 Roehampton Ave #3211,Toronto,Ontario,,+1 647-567-6391,raza@datalchemy.ai,Indoor Golf Simulator Specialists And Installers,,datalchemy.ai
Jack of Sports Swim Lessons & Camps,725 Bathurst St,Toronto,Ontario,,+1 416-489-4777,ramsey@jackofsports.com,Jack Of Sports Swim Lessons And Camps,,jackofsports.com
Foreign Rider Co,964 Queen St W,Toronto,Ontario,,+1 416-530-5968,ralph@foreignrider.com,Foreign Rider,,foreignrider.com
Black Market Vintage Upstairs,"Upstairs, 347 Queen St W 2nd floor",Toronto,Ontario,"Quirky, colourful used-apparel retailer showcasing all manner of vintage tees & casualwear.",+1 416-599-5858,query@vintagetoronto.com,Black Market Vintage Upstairs,,blackmarkettoronto.com
Chippewa Creek Golf & Country Club,9639 Chippewa Rd W,Mount Hope,Ontario,,+1 905-679-4240,proshop@chippewacreekgolf.com,Chippewa Creek Golf,,chippewacreekgolf.com
Pros Golf Centre,22 Green Mountain Rd E,Stoney Creek,Ontario,,+1 905-664-6644,prosgolf@gmail.com,Pros Golf Centre,,prosgolfcentre.com
Lids,3401 Dufferin St SP29A,,Ontario,"Chain specializing in licensed team hats, logo apparel & other sports merchandise.",+1 416-785-8931,privacy@fanaticsretailgroup.com,Lids,,lids.ca
Cabot,150 Bloor St W Ste 310,Toronto,Ontario,,,privacy@cabot.com,Cabot,,cabot.com
DUER,44 Ossington Ave,Toronto,Ontario,,+1 647-794-1341,press@dishandduer.com,Duer,,duer.ca
Polair Golf - Halton Indoor Golf,12 Wallace St Unit 1,Acton,Ontario,,+1 289-971-4692,playgolf@polairhvac.ca,Polair Golf Halton Indoor Golf,,polairgolf.ca
Golfers Creek,3345 N Service Rd Unit 101,Burlington,Ontario,,+1 289-245-1007,play@golferscreek.com,Golfers Creek,,golferscreek.com
Golf On Lounge,2225 Erin Mills Pkwy #47,Mississauga,Ontario,,+1 905-822-2332,pburton@golfon.com,Golf On Lounge,,golfon.com
Vaughan Putting Edge,7621 Weston Rd,Woodbridge,Ontario,"Black-light, 18-hole mini-golf course with themes including the ocean, jungle & outer space.",+1 905-761-3343,paulkuhns@puttingedge.com,Vaughan Putting Edge,,puttingedge.com
Golf Anything Canada,25 Roybridge Gate,Vaughan,Ontario,,+1 866-440-5391,paul@golfanything.ca,Golf Anything Canada,,golfanything.ca
Sport Chek,777 Guelph Line Unit E11,Burlington,Ontario,,+1 905-637-6868,patrick.lavalle@fglsports.com,Sport Chek,,sportchek.ca
Mulligan International,6820 Kitimat Rd,Mississauga,Ontario,,+1 905-542-0825,p.lavorato@mulliganinternational.com,Mulligan International,,mulliganinternational.com
Anytime Golf - King George Rd,250 King George Rd Unit 9,Brantford,Ontario,,+1 226-212-0285,orillia@anytimegolfsims.com,Anytime Golf King George Rd,,anytimegolfsims.com
Millcroft Golf Club,2155 Country Club Dr,Burlington,Ontario,,+1 905-332-5111,office_indianwells@yahoo.ca,Millcroft Golf Club,,millcroftgolfclub.com
North Toronto Lawn Bowling & Croquet Club,200 Lytton Blvd,Toronto,Ontario,,+1 416-487-3828,ntcroquet@bell.net,North Toronto Lawn Bowling And Croquet Club,,northtorontocroquet.ca
Another World VR Arena North York,89 Bentworth Ave Unit 6,,Ontario,,+1 647-542-7486,north-york@another-world.com,Another World Vr Arena North York,,north-york.another-world.com
Jeremy Taylor Golf,2061 Cornwall Rd,Oakville,Ontario,,+1 905-339-5247,njeremy@jeremytaylorgolf.ca,Jeremy Taylor Golf,,jeremy-taylor-golf.square.site
Oak Gables Golf Club,1505 Wilson St W,Jerseyville,Ontario,,+1 905-648-4653,nic@oakgables.com,Oak Gables Golf Club,,oakgables.com
Dragon's Fire Golf Club,342 Concession 8 E,Hamilton,Ontario,,+1 905-690-0069,nfreestone@dragonsfiregolf.com,Dragons Fire Golf Club,,dragonsfiregolf.com
Dogleg Left Golf,250 Eglinton Ave W,Toronto,Ontario,,,neric@doglegleftgolf.ca,Dogleg Left Golf,,doglegleftgolf.ca
Dundas Valley Golf and Curling Club Ltd,10 Woodleys Ln,Dundas,Ontario,,+1 905-628-6731,ndorder@dundasvalleyevents.com,Dundas Valley Golf And Curling Club,,dundasvalleygolf.com
"C Hotel by Carmen's, BW Premier Collection",1530 Stone Church Rd E,Hamilton,Ontario,"Informal hotel offering an Italian restaurant & a bar, plus a gym & an indoor pool.",+1 905-381-9898,nbhospitality@yahoo.com,C Hotel By Carmens Bw Premier Collection,,bestwestern.com
BATL Grounds | Stock Yards,30 Weston Rd,Old Toronto,Ontario,,+1 647-793-6410,mwilson@batlgrounds.com,Batl Grounds | Stock Yards,,batlgrounds.com
Courtyard by Marriott Hamilton,1224 Upper James St,Hamilton,Ontario,"Hotel offering contemporary rooms, a restaurant & an indoor pool, plus free parking & WiFi.",+1 905-383-7772,mstickles@thesummitgroupinc.com,Courtyard By Marriott Hamilton,,marriott.com
Tiffany Falls Conservation Area,900 Wilson St E,Hamilton,Ontario,,+1 905-525-2181,msmerdon@conservationhamilton.ca,Tiffany Falls Conservation Area,,conservationhamilton.ca
Mobile Greens,Dan Leckie Way,Toronto,Ontario,,+1 416-455-3354,mobilegreensgolf@gmail.com,Mobile Greens,,mobilegreensgolf.com
Heron Point Golf Links,2787 Dunmark Rd,Alberton,Ontario,,+1 905-304-0313,mnapier@clublink.ca,Heron Point Golf Links,,heronpoint.clublink.ca
Cliffview Parking Lot,,Hamilton,Ontario,,,milleir@yahoo.com,Cliffview Parking Lot,,hamilton.ca
The Links Golf & Sports Academy,840 Queenston Rd Unit 3,Stoney Creek,Ontario,,+1 905-581-6372,mikewhite3@outlook.com,The Links Golf And Sports Academy,,thelinksgolf.ca
The Docks Driving Range,176 Cherry St,Toronto,Ontario,"Open-air driving range popular for its heated patio bar area, volleyball courts & golf lessons.",+1 416-465-4653,mikerivet@thedocks.com,The Docks Driving Range,,thedocks.com
Golf Life,2110 Dundas St E #5,Mississauga,Ontario,,+1 647-391-2727,mike@golflife.ca,Golf Life,,golflife.ca
Michael Dart Golf,33 Canterbury Crescent,,Ontario,,+1 407-364-9628,michaeldartgolf@gmail.com,Michael Dart Golf,,michaeldartgolf.ca
SAIL,2208 Industrial St,Burlington,Ontario,,+1 905-592-0722,mdelisle@sail.ca,Sail,,sail.ca
Oakville Golf Club,1154 Sixth Line,Oakville,Ontario,,+1 905-845-8321,mbolus@oakvillegolfclub.com,Oakville Golf Club,,oakvillegolfclub.com
DBLCRS Sim Lounge,589 Hanlon Creek Boulevard Units 36 and 37,Guelph,Ontario,,+1 519-763-4624,matt@dblcrs.ca,Dblcrs Sim Lounge,,dblcrs.ca
The Argyle - Bar & Golf,304 Ottawa St N,Hamilton,Ontario,,+1 289-389-4085,mary@thepint.ca,The Argyle Bar And Golf,,theargyle.ca
TAG Heuer,"Centre Court, Yorkdale Shopping Center, 3401 Dufferin St Ste 133",,Ontario,High-end retail chain selling luxury Swiss watches & accessories.,+1 416-792-7084,maruca91@yahoo.com,Tag Heuer,,tagheuer.com
"Westcliffe Falls, Hamilton ontario",611 Scenic Dr,Hamilton,Ontario,,,mark@waterfallsofontario.com,Westcliffe Falls Hamilton Ontario,,waterfallsofontario.com
Michelangelo Banquet Centre,1555 Upper Ottawa St,Hamilton,Ontario,,+1 905-575-9955,marioshiring@outlook.com,Michelangelo Banquet Centre,,michelangelos.com
Islington Golf Club,45 Riverbank Dr,,Ontario,,+1 416-231-1114,marilena@islingtongolfclub.com,Islington Golf Club,,islingtongolfclub.com
Piper's Heath Golf Club,5501 Trafalgar Rd,Milton,Ontario,,+1 905-864-1025,marc@pipersheath.com,Pipers Heath Golf Club,,pipersheath.com
High Park Club,100 Indian Rd,Toronto,Ontario,,+1 416-536-8054,manager@highparkclub.com,High Park Club,,highparkclub.com
MEC Toronto,300 Queen St W,Toronto,Ontario,,+1 416-340-2667,mally@mountainmedicinedirectory.com,Mec Toronto,,mec.ca
The Golf House & Sports Bar,650 Woodlawn Rd W Unit 11 & 12 B,Guelph,Ontario,,+1 226-217-1673,mackenzie@guelphgolfhouse.com,The Golf House And Sports Bar,,ontariogolfhouse.com
Deerfield Golf Club,2363 North Service Rd W,Oakville,Ontario,,+1 905-847-5555,lynn@golfdeerfield.com,Deerfield Golf Club,,golfdeerfield.com
RattleSnake Point Golf Club,5407 Regional Rd 25,Milton,Ontario,,+1 905-878-6222,lweavers@clublink.ca,Rattlesnake Point Golf Club,,rattlesnakepoint.clublink.ca
LS Design,169 Fort York Blvd,Toronto,Ontario,,,lucsamanski@gmail.com,Ls Design,,lucsamanskidesign.com
Hamilton Volkswagen,1221 Upper James St,Hamilton,Ontario,,+1 905-574-8989,louis.barclay@hamiltonvw.com,Hamilton Volkswagen,,hamiltonvw.com
FarAway Greens Indoor Golf,3070 Mainway #14,Burlington,Ontario,,+1 289-635-2858,longdriver@farsamji.com,Faraway Greens Indoor Golf,,farawaygreensgolf.ca
Southbrook Golf Club,4349 Hamilton Regional Rd 56,Binbrook,Ontario,,+1 905-692-3592,lisa@southbrookgolf.ca,Southbrook Golf Club,,southbrookgolf.ca
Lambton Golf & Country Club,100 Scarlett Rd,,Ontario,,+1 416-767-2175,lhummell@lambtongolf.com,Lambton Golf And Country Club,,lambtongolf.com
Level-21 Destination Events - Toronto. Canada,,Toronto,Ontario,,+1 647-995-2179,level21ask@gmail.com,Level 21 Destination Events Toronto Canada,,level-21destinationevents.com
Joe Rockhead's Indoor Rock Climbing,29 Fraser Ave,Toronto,Ontario,"Lofty warehouse space with climbing walls of varying difficulty, plus bouldering & classes.",+1 416-538-7670,lead@joerockheads.com,Joe Rockheads Indoor Rock Climbing,,joerockheads.com
Lancaster Golf Performance Academy,3455 Landmark Rd,Burlington,Ontario,,+1 905-870-0039,lancastergolfacademy@gmail.com,Lancaster Golf Performance Academy,,lancastergolfperformance.ca
Gibson Golf Academy,1290 Arvin Ave. Unit 6,Hamilton,Ontario,,,kylegibson.cpga@gmail.com,Gibson Golf Academy,,kylegibsongolf.ca
Royal Canadian Legion Branch 163,435 Limeridge Rd E,Hamilton,Ontario,,+1 905-387-4515,kyle_ryc@hotmail.com,Royal Canadian Legion Branch 163,,legion.ca
KStadium Golf Eglinton,662 Caledonia Rd,,Ontario,,+1 416-785-1890,kstadiumgolf@gmail.com,Kstadium Golf Eglinton,,kstadiumgolfeglinton.com
Play It Again Sports,781 The Queensway Unit J,,Ontario,"Sporting goods chain that buys, sells & trades a wide variety of equipment, both new & secondhand.",+1 416-503-2288,Kmayovsky@playitagainsports.Com,Play It Again Sports,,playitagainsports.com
Bunker Shack Indoor Golf Simulator + Bar,5353 Lakeshore Rd. 11 and 12,Burlington,Ontario,,+1 905-333-5577,kirsten@bunkershack.ca,Bunker Shack Indoor Golf Simulator + Bar,,bunkershack.ca
Keaghan Roberts Golf,3050 Guelph Line,Burlington,Ontario,,+1 365-292-3006,keaghan.rob@gmail.com,Keaghan Roberts Golf,,keaghanrobertsgolf.com
Scenic Lookout,The Chedoke Radial Trail,Hamilton,Ontario,,,jvanier@highlandseast.ca,Scenic Lookout,,ontariotrails.on.ca
Lost & Found,12 Ossington Ave,Toronto,Ontario,,+1 647-348-2810,justin@shoplostfound.com,Lost And Found,,shoplostfound.com
Jungle Hut Entertainment,2289 Barton St E #8,Hamilton,Ontario,,+1 289-389-2800,junglehut71@gmail.com,Jungle Hut Entertainment,,junglehut.ca
BraeBen Championship 18-hole Golf Course & Driving Range,5700 Terry Fox Way,Mississauga,Ontario,,+1 905-615-4653,juliephan@gmail.com,Braeben Championship 18 Hole Golf Course And Driving Range,,mississauga.ca
Glen Abbey Golf Club,1333 Dorval Dr,Oakville,Ontario,,+1 905-844-1800,jpatterson@clublink.ca,Glen Abbey Golf Club,,glenabbey.clublink.ca
Forestar Golf Sales - Canada Wide,1540 Cornwall Rd Unit 210,Oakville,Ontario,,+1 800-504-3222,jozef@forestargolf.com,Forestar Golf Sales Canada Wide,,forestargolf.com
Joshua Creek Golf,1330 Burnhamthorpe Rd E,Oakville,Ontario,,+1 905-257-6075,joshuacreekgolf@gmail.com,Joshua Creek Golf,,joshuacreekgolf.ca
SVP Sports - Burlington,2025 Guelph Line,Burlington,Ontario,,+1 289-635-1245,joseph@svpsports.ca,Svp Sports Burlington,,svpsports.ca
AceGolf,2392 Industrial St,Burlington,Ontario,,+1 905-617-4884,johnstankov@acegolf.ca,Acegolf,,acegolf.ca
Wallace Golf Management SL,1802 Barton St E,Hamilton,Ontario,,+1 905-961-5219,john@wallacegolf.com,Wallace Golf Management Sl,,wallacegolf.com
Albatross Indoor Golf Centre Stoney Creek,410 Lewis Rd #101,Stoney Creek,Ontario,,+1 833-310-4653,jocelyn@albatross.ca,Albatross Indoor Golf Centre Stoney Creek,,albatross.ca
GOLFTEC Hamilton,1100 Golf Links Rd,Hamilton,Ontario,,+1 905-648-3907,jmceldowney@golftec.com,Golftec Hamilton,,golftec.com
The Credit Valley Golf and Country Club,2500 Old Carriage Rd,Mississauga,Ontario,Sprawling private golf course in a tranquil natural setting with wildlife & an upscale country club.,+1 905-275-2505,jhanna@creditvalleygolf.com,The Credit Valley Golf And Country Club,,creditvalleygolf.com
Toronto Disc Golf,164 The Queensway,,Ontario,,,jess@youenjoymydesigns.ca,Toronto Disc Golf,,torontodiscgolf.club
Metro Golf Sportsplex,125 Milner Ave,,Ontario,,+1 416-321-9331,jennifer@metrogolfsportsplex.com,Metro Golf Sportsplex,,metrogolfsportsplex.com
Marilyn Bell Park Disc Golf Course,1095 Lake Shore Blvd W,Toronto,Ontario,,+1 416-809-7569,jeff@chainlinkdiscgolf.com,Marilyn Bell Park Disc Golf Course,,marilynbellparkdiscgolf.com
Bark & Fitz - Oakville North,2501 Prince Michael Drive d2,Oakville,Ontario,,+1 905-257-4700,jderevitcher@barkandfitz.com,Bark And Fitz Oakville North,,barkandfitzoakvillenorth.com
Pineland Greens Golf Club,722 Safari Rd,Millgrove,Ontario,,+1 905-659-1271,jclark@pinelandgreens.com,Pineland Greens Golf Club,,pinelandgreens.com
J. LEE GOLF ACADEMY,3705 Chesswood Dr,,Ontario,,+1 416-999-4825,jayleegolf@gmail.com,J Lee Golf Academy,,jleegolf.com
Sunday Nine Golf Club,82 Queen St N #5,Hamilton,Ontario,,,jacob@sjomanart.com,Sunday Nine Golf Club,,sundayninegolf.com
Knudson Golf,4200 Yonge St,North York,Ontario,,+1 289-314-7848,ishita.navneet@gmail.com,Knudson Golf,,knudsongolf.com
Willow Valley Golf Course,8475 English Church Rd E,Mount Hope,Ontario,,+1 905-679-2703,info@willowvalleygolf.com,Willow Valley Golf Course,,willowvalleygolf.com
Vlove Golf Pickering,705 Kingston Rd Unit 19,Pickering,Ontario,,+1 289-932-1065,info@vlovegolf.ca,Vlove Golf Pickering,,vlovegolf.ca
Triple Eagle Golf,760 Pacific Rd Unit 13,Oakville,Ontario,,+1 289-529-0317,info@tripleeaglegolf.com,Triple Eagle Golf,,tripleeaglegolf.com
Transcend Golf,2180 Dunwin Dr #4,Mississauga,Ontario,,+1 905-949-7994,info@transcendgolf.ca,Transcend Golf,,transcendgolf.ca
Tracer Golf Driving Range,5980 McLaughlin Rd Unit 2A,Mississauga,Ontario,,+1 647-812-8349,info@tracergolf.ca,Tracer Golf Driving Range,,tracergolf.ca
TourSpace Golf,576 Front St W,Toronto,Ontario,,+1 437-440-2049,info@tourspacegolf.com,Tourspace Golf,,tourspacegolf.com
Top Shot Golf,360 Lewis Rd,Hamilton,Ontario,,+1 365-336-7766,info@topshotgolf.ca,Top Shot Golf,,topshotgolf.ca
The Real Golf,883 16th Ave Unit 1,Richmond Hill,Ontario,,+1 905-889-9509,info@therealgolf.com,The Real Golf,,therealgolf.com
The Mad Hitter Indoor Golf Lounge,300 Market Dr,Milton,Ontario,,+1 289-298-2977,info@themadhitter.ca,The Mad Hitter Indoor Golf Lounge,,themadhitter.ca
The Golf Lounge - Golf Simulator Richmond Hill - Indoor Golf,115 York Blvd Unit 10,Richmond Hill,Ontario,,+1 905-762-8883,info@thegolflounge.ca,The Golf Lounge Golf Simulator Richmond Hill Indoor Golf,,thegolflounge.ca
The Golfers Edge- Indoor Golf,472 Taunton Rd W Unit 1,Oshawa,Ontario,,+1 416-843-9482,info@thegolfersedge.org,The Golfers Edge Indoor Golf,,thegolfersedge.org
The Golfers Academy,2392 Industrial St,Burlington,Ontario,,+1 905-335-5858,info@thegolfersacademy.ca,The Golfers Academy,,thegolfersacademy.ca
The Golf Depot,3309 4th Line #4,Ohsweken,Ontario,,+1 519-209-6183,info@thegolfdepot.ca,The Golf Depot,,
Tee Zone Driving Range,4105 Regional Rd 25,Oakville,Ontario,,+1 855-833-9663,info@teezonegolf.com,Tee Zone Driving Range,,teezonegolf.com
Tee Up Social,700 Kipling Ave Ste 1200,,Ontario,,+1 416-259-0206,info@teeup.ca,Tee Up Social,,teeup.social
Tee Time VX,1111 Finch Ave W Unit 6,,Ontario,,+1 416-736-1100,info@teetimevx.ca,Tee Time Vx,,teetimevx.ca
Tees Indoor Golf,3400 Ridgeway Dr #9,Mississauga,Ontario,,+1 905-828-8332,info@teesindoorgolf.com,Tees Indoor Golf,,teesindoorgolf.com
Swing Zone,1290 Arvin Ave. Unit 6,Hamilton,Ontario,,+1 905-519-9674,info@swingzone.ca,Swing Zone,,swingzone.ca
Stanmore Equipment Ltd,154 Upper Centennial Pkwy,Stoney Creek,Ontario,,+1 905-662-2663,info@stanmoreequipment.com,Stanmore Equipment,,stanmore.ca
Speedy Golf,8425 Woodbine Ave b,Markham,Ontario,,+1 647-707-8425,info@speedy.golf,Speedy Golf,,speedy.golf
SGreenGolf,7500 Hwy 27 Unit 24,Woodbridge,Ontario,,+1 647-805-2298,info@sgreengolf.ca,Sgreengolf,,sgreengolf.ca
The Sand Trap Golf Simulator & Lounge,1306 King St W,Toronto,Ontario,,+1 416-534-2727,info@sandtrap.ca,The Sand Trap Golf Simulator And Lounge,,sandtrap.ca
Par-Tee Pong,26 Duncan St 2nd Floor,Toronto,Ontario,,+1 647-952-9967,info@parteepong.com,Par Tee Pong,,parteepong.com
Paradise Fields,3355 Golf Club Rd,Binbrook,Ontario,,+1 289-522-0202,info@paradisefields.ca,Paradise Fields,,paradisefields.ca
Orby Golf - Milton,100 Nipissing Rd Unit 11,Milton,Ontario,,+1 647-265-8995,info@orbygolf.ca,Orby Golf Milton,,orbygolf.ca
Ontario Blind Golf,2 Bloor St W suite 700,Toronto,Ontario,,+1 888-528-7741,info@ontarioblindgolf.ca,Ontario Blind Golf,,ontarioblindgolf.ca
On Screen Sports,2501 Rutherford Rd #15,Concord,Ontario,,+1 905-417-3960,info@onscreensports.com,On Screen Sports,,onscreensports.com
Oakville Indoor Golf Centre,461 North Service Rd W B20-B21,Oakville,Ontario,,+1 905-469-3535,info@oigc.ca,Oakville Indoor Golf Centre,,oigc.ca
Oakville Volkswagen,1355 North Service Rd W,Oakville,Ontario,,+1 905-844-3285,info@oakvillevw.com,Oakville Volkswagen,,oakvillevolkswagen.com
Oakville Trophies and Engraving,1236 Speers Rd #7,Oakville,Ontario,,+1 289-681-4583,info@oakvilletrophies.ca,Oakville Trophies And Engraving,,oakvilletrophies.ca
Oakville Executive Golf Courses - Angel's View & Mystic Ridge,4414 Fourth Line,Oakville,Ontario,,+1 905-875-3932,info@oakvillegolf.ca,Oakville Executive Golf Courses Angels View And Mystic Ridge,,oakvillegolf.ca
Ninth Line Family Golf Academy,7705 Ninth Line,Mississauga,Ontario,,+1 905-785-2500,info@ninthlinefamilygolf.com,Ninth Line Family Golf Academy,,ninthlinefamilygolf.com
Nick's Jewellery & Watches,1462 Dundas St W,Toronto,Ontario,,+1 416-531-3325,info@nicksjewellery.com,Nicks Jewellery And Watches,,nicksjewellery.com
Nexus Golf,9688 Leslie St Unit 1-3,Richmond Hill,Ontario,,+1 905-237-9868,info@nexusgolf.ca,Nexus Golf,,nexusgolf.ca
National Thrift Stores Ltd.,2341 Keele St,,Ontario,,+1 647-352-0500,info@nationalthrift.ca,National Thrift Stores,,nationalthrift.ca
Club X Indoor Golf,15230 Yonge St #2f,Aurora,Ontario,,+1 289-802-1026,info@mysite.com,Club X Indoor Golf,,clubxindoorgolf.com
The Performance Lab,185 Bridgeland Ave #115,,Ontario,,+1 647-352-7522,info@myperformancelab.com,The Performance Lab,,myperformancelab.com
Moho Golf,5027 Spectrum Way Unit C4,Mississauga,Ontario,,+1 905-624-4653,info@mohogolf.ca,Moho Golf,,mohogolf.ca
Midtown Golf,874 Sinclair Rd #105,Oakville,Ontario,,+1 905-844-5565,info@midtowngolf.ca,Midtown Golf,,midtowngolf.ca
LFG - Indoor Golf,860 Denison St Unit 5,Markham,Ontario,,,info@lfgolf.ca,Lfg Indoor Golf,,lfgolf.ca
Levelup Virtual Reality,661 Yonge St Lower Level,Toronto,Ontario,Contemporary arcade featuring over 80 different virtual reality games for groups & individuals.,+1 833-538-3587,info@levelupreality.ca,Levelup Virtual Reality Vr Arcade | Events Parties And Team Building,,levelupreality.ca
Leo's Custom Golf & Golf Simulator Sales,960 Upper Wellington St Unit 3,Hamilton,Ontario,,,info@leosgolf.com,Leos Custom Golf And Golf Simulator Sales,,leosgolf.com
LCI Sports Centre,290 Birmingham St,,Ontario,,,info@lcisportscentre.com,Lci Sports Centre,,lcisportscentre.com
LAZER MANIA,865 Upper James St Unit #1,Hamilton,Ontario,,+1 905-383-8300,info@lazermania.ca,Lazer Mania,,lazermania.ca
Kent Recognition Inc.,3230 Yonge St,Toronto,Ontario,,+1 416-481-3061,info@kentandcompany.com,Kent Recognition,,kentandcompany.com
Kenshi,99 Yorkville Ave,Toronto,Ontario,,+1 647-381-1414,info@kenshi.ca,Kenshi,,kenshi.ca
Lionhead Golf Club & Conference Centre,8525 Mississauga Rd,Brampton,Ontario,,+1 905-455-4900,info@kaneffgolf.com,Lionhead Golf Club And Conference Centre,,kaneffgolf.com
iRange Toronto,7855 Finch Ave W,Brampton,Ontario,"Automated, swipe-to-play golf driving range with touchscreen displays & ball-tracking technology.",+1 905-794-4855,info@irangetoronto.com,Irange Toronto,,irangetoronto.com
Indoor Pro Golf,1283 Matheson Blvd E,Mississauga,Ontario,,,info@indoorprogolf.com,Indoor Pro Golf,,indoorprogolf.com
Players Indoor Golf & Sports Bar,49 Dalkeith Dr,Brantford,Ontario,,+1 226-774-0617,info@indoorgolfclubs.ca,Players Indoor Golf And Sports Bar,,indoorgolfclubs.ca
Impact Indoor Golf Simulator,"Located inside the Wyndham Fallsview Hotel, 6455 Fallsview Blvd",Niagara Falls,Ontario,,+1 905-357-1346,info@impactindoorgolf.com,Impact Indoor Golf Simulator,,impactindoorgolf.com
Hamilton Indoor Golf Sims,193 Cavell Ave,Hamilton,Ontario,,+1 905-407-9482,info@higsims.ca,Hamilton Indoor Golf Sims,,hamiltonindoorgolfsims.ca
Gretzky Pickleball Club,180 Nebo Rd,Hamilton,Ontario,,+1 289-408-1999,info@gretzkypickleballclub.com,Gretzky Pickleball Club,,gretzkypickleballclub.com
"Greenfield Golf Inc. Carry all top golf brands, 30 years of experience.",7780 Woodbine Ave Unit 5,Markham,Ontario,,+1 905-946-1730,info@greenfieldgolf.ca,Greenfield Golf Inc Carry All Top Golf Brands 30 Years Of Experience,,greenfieldgolf.ca
Golfzon North Indoor Golf,2501 Rutherford Rd #15,Concord,Ontario,,+1 905-417-3960,info@golfzonnorth.com,Golfzon North Indoor Golf,,golfzonnorth.com
Golf Wing Virtual Golf & Bar,7500 Woodbine Ave,Markham,Ontario,,+1 905-604-5064,info@golfwing.ca,Golf Wing Virtual Golf And Bar,,golfwing.ca
Southern Pines Golf & Country Club,8453 Airport Rd E,Mount Hope,Ontario,,+1 905-679-6308,info@golfsouthernpines.ca,Southern Pines Golf And Country Club,,golfsouthernpines.ca
Golfplay Kitchener,4500 King St E #6,Kitchener,Ontario,,+1 519-650-4242,info@golfplay.ca,Golfplay Kitchener,,golfplay.ca
Golf Live Health & Fitness Club,5875 Hwy 7 unit10,Woodbridge,Ontario,,+1 905-850-7717,info@golflive.ca,Golf Live Health And Fitness Club,,golflive.ca
Golf Lessons Toronto,2363 North Service Rd W,Oakville,Ontario,,+1 647-680-4653,info@golflessonstoronto.com,Golf Lessons Toronto,,golflessonstoronto.com
GOLF IT UP,2910 Steeles Ave E,Thornhill,Ontario,,+1 647-763-1898,info@golfitup.ca,Golf It Up,,golfitup.ca
Golf Heaven,482 South Service Rd E Unit 59,Oakville,Ontario,,,info@golfheavenoakville.ca,Golf Heaven,,golfheavenoakville.ca
GOLF6iX,10 East Wilmot St Unit 16,Richmond Hill,Ontario,,+1 905-597-4659,info@golf6ix.com,Golf6Ix,,golf6ix.com
Gamer Golf,1400 O'Connor Dr Units 6-7,,Ontario,,+1 416-701-0443,info@gamergolf.ca,Gamer Golf,,gamergolf.ca
Fore Golf Hamilton,180 Nebo Rd,Hamilton,Ontario,,,info@forestagione.ca,Fore Golf Hamilton,,foregolfhamilton.ca
FORE!,12 Drummond St Ste 1,,Ontario,,,info@foreindoorgolf.ca,Fore!,,foreindoorgolf.ca
Dundas Indoor Golf,22 Head St,Dundas,Ontario,,+1 289-880-1013,info@dundasgolf.ca,Dundas Indoor Golf,,dundasgolf.ca
Driver Zone Golf,115 East Dr #5,Brampton,Ontario,,+1 647-859-5542,info@driverzonegolf.ca,Driver Zone Golf,,driverzonegolf.ca
DISCAPE DISC GOLF,55 Cooper St,Toronto,Ontario,,+1 365-806-5941,info@discapediscgolf.com,Discape Disc Golf,,discapediscgolf.com
Digital Golf Niagara,5175 Victoria Ave #103,Niagara Falls,Ontario,,+1 905-356-4653,info@digitalgolf.ca,Digital Golf Niagara,,digitalgolf.ca
David Fritz Golf,461 North Service Rd W B20-B21,Oakville,Ontario,,+1 647-289-1964,info@davidfritzgolf.com,David Fritz Golf,,davidfritzgolf.com
Daily Indoor Golf,401 Alden Rd Unit 21,Markham,Ontario,,+1 647-694-5999,info@dailygolf.ca,Daily Indoor Golf,,dailygolf.ca
Club Champion,3105 Unity Dr #20,Mississauga,Ontario,,+1 905-607-7474,info@clubchampion.com,Club Champion,,clubchampion.ca
Upper Chedoke Falls,"Cliff View Park Scenic Dr &, Upper Paradise Rd",Hamilton,ON,"Year-round ribbon waterfall with a 9-m. width & 18-m. drop, tucked away in an urban environment.",+1 905-546-2424,info@cityofwaterfalls.ca,Upper Chedoke Falls,,cityofwaterfalls.ca
The Lakeview by Carmen’s,180 Van Wagners Beach Rd,Hamilton,Ontario,,+1 905-387-6188,info@carmenslakeview.com,The Lakeview By Carmen’S,,carmenslakeview.com
Capsule,69 Yorkville Ave #104,Toronto,Ontario,"Dealer in brand-name urban & athletic shoes with tees, sweatshirts, fleece & down jackets.",+1 647-748-1169,info@c-apsule.com,Capsule,,capsuletoronto.com
Buncrana Golf Course,1079 ON-8,Dundas,Ontario,,+1 289-858-9333,info@buncrana.ca,Buncrana Golf Course,,buncrana.ca
Brimz Hat Boutique,56A Kensington Ave,Toronto,Ontario,,+1 416-598-4287,info@brimzofficial.com,Brimz Hat Boutique,,brimzofficial.com
Born to Golf,7691 Yonge St,Thornhill,Ontario,,+1 905-597-7999,info@borntogolf.ca,Born To Golf,,borntogolf.ca
Birdies Indoor Golf,1450 Headon Rd Unit 24-25,Burlington,Ontario,,,info@birdiesindoorgolf.ca,Birdies Indoor Golf,,birdiesindoorgolf.ca
Axis Indoor Golf,14 William Sylvester Dr,,Ontario,,+1 437-876-8808,info@axisindoorgolf.ca,Axis Indoor Golf,,axisindoorgolf.ca
ALLSPORTS SIMULATED,Youngs Sportsplex,Welland,Ontario,,+1 289-377-8612,info@allsportssimulated.ca,ALLSPORTS SIMULATED,,allsports-indoor-driving-range.square.site
Adventure Village,580 Van Wagners Beach Rd,Hamilton,Ontario,,+1 905-549-9444,info@adventure-village.com,Adventure Village,,adventure-village.com
Ace Track Indoor Golf Center,40 Engelhard Dr Unit 9,Aurora,Ontario,,+1 705-245-5622,info@acetrackgolf.com,Ace Track Indoor Golf Center,,acetrackgolf.com
Ace Golf Bar & Lounge,588 Eastern Ave,Toronto,Ontario,,+1 647-619-8588,info@acegolfbar.ca,Ace Golf Bar And Lounge,,acegolfbar.ca
6ix Iron Indoor Golf - Yorkville,146 Dupont St #201,Toronto,Ontario,,+1 416-970-6759,info@6ixiron.com,6Ix Iron Indoor Golf Yorkville,,6ixiron.com
400 Brant Kitchen and Bar,400 Brant St,Burlington,Ontario,,+1 289-337-3751,info@400brant.ca,400 Brant Kitchen And Bar,,400brant.ca
19th Hole Mobile Golf Simulator,1 Summerhill Rd,,Ontario,,+1 647-222-3008,info@19thholemobilegolf.ca,19Th Hole Mobile Golf Simulator,,19thholemobilegolf.ca
19th Hole Indoor Golf & Social,2051 Plains Rd E,Burlington,Ontario,,+1 905-639-5480,info@19thholegolf.ca,19Th Hole Indoor Golf And Social,,19thholegolf.ca
Toronto Metropolitan University Recreation and Athletic Centre.,50 Gould St,Toronto,Ontario,,+1 416-979-5096,imagearts@ryerson.ca,Toronto Metropolitan University Recreation And Athletic Centre,,torontomu.ca
Snake Oil Guru | The Emporium,1193 Lawrence Ave W,,Ontario,,+1 647-557-9922,iam@snakeoil.guru,Snake Oil Guru | The Emporium,,snakeoil.guru
VRPlayin – Virtual Reality Event Experiences,294 College St,Toronto,Ontario,"Using the latest VR technology, this activity centre offers games & experiences paid by the hour.",+1 647-360-6888,hi@vrplayin.ca,Vrplayin – Virtual Reality Event Experiences,,vrplayin.ca
LevelUp Indoor Golf,188 Barton St #5,Stoney Creek,Ontario,,+1 289-204-0404,hello@levelupgolf.ca,Levelup Indoor Golf,,levelupgolf.ca
Planet Golf,7730 Islington Ave. #7,Woodbridge,Ontario,,+1 807-770-7776,hello@greenway.ca,Planet Golf,,planetgolf.ca
Golf Almighty Indoor Golf Simulators & Sports Bar,18 King St E F1,Bolton,Ontario,,+1 416-216-4135,hello@golfalmighty.ca,Golf Almighty Indoor Golf Simulators And Sports Bar,,golfalmighty.ca
Cravin Sim Golf,55 Glen Cameron Rd Unit 6,Thornhill,Ontario,,+1 647-367-3789,hello@cravinsimgolf.ca,Cravin Sim Golf,,cravinsimgolf.ca
Vic Hadfield Golf & Learning Centre,340 Burnhamthorpe Rd E,Oakville,Ontario,,+1 905-257-2334,hadfieldv11@gmail.com,Vic Hadfield Golf And Learning Centre,,vichadfieldgolf.com
The Range,225 Industrial Pkwy S Ste 6,Aurora,Ontario,,,greg.martin19@hotmail.com,The Range,,hittingtherange.ca
Golf Stuff,540 Niagara St Unité 1,Welland,Ontario,,+1 905-732-9692,golfstuff@golfstuff.ca,Golf Stuff,,golfstuff.ca
ca$h money golf,71 Main St W,Hamilton,Ontario,,,golfcashmoney@gmail.com,Ca$H Money Golf,,dq62fi-ax.myshopify.com
The Golf Barn,194 Bethel Rd,Paris,Ontario,,+1 519-929-0391,golfbarn194@gmail.com,The Golf Barn,,thegolfbarn.ca
Rock Chapel Golf Centre,167 ON-5,Dundas,Ontario,,+1 905-689-8860,golf@rockchapel.ca,Rock Chapel Golf Centre,,rockchapel.ca
Apollo Valley Golf Club,2462 Concession 2 Rd W,Troy,Ontario,,+1 519-647-2069,golf@apollovalley.com,Apollo Valley Golf Club,,apollovalley.com
The Hamilton Club,6 Main St E,Hamilton,Ontario,,+1 905-522-4675,gm@thehamiltonclub.com,The Hamilton Club,,thehamiltonclub.com
The Course and The Clubhouse,525 Welland Ave Unit 1003A,St. Catharines,Ontario,,+1 905-641-5050,general@thecourseandtheclubhouse.com,The Course And The Clubhouse,,thecourseandtheclubhouse.com
Glendon Athletic Club,"Glendon Campus, Proctor Field House, 2275 Bayview Ave",,Ontario,,+1 416-487-6740,gac@glendon.yorku.ca,Glendon Athletic Club,,glendonac.ca
The Virtual Golf Club,3455 Landmark Rd Unit 1,Burlington,Ontario,,+1 905-635-1053,frontdesk@virtualgc.ca,The Virtual Golf Club,,virtualgc.ca
Golf Vault,2631 Kingsway Dr,Kitchener,Ontario,,+1 519-748-1444,fitting@golfvault.com,Golf Vault,,golfvault.com
Don Valley Golf Course,4200 Yonge St,North York,Ontario,Natural public 18-hole golf course with a pro shop offering lessons & bookable tee times.,+1 416-392-2465,fernando.carou@gmail.com,Don Valley Golf Course,,toronto.ca
Mastercard Centre for Hockey Excellence Arena,400 Kipling Ave,,Ontario,,+1 416-251-5219,fanservices@mlse.com,Mastercard Centre For Hockey Excellence Arena,,lakeshorearena.ca
The Avid Group,120 St Regis Crescent N,,Ontario,,+1 800-258-5404,ephram@avidapparel.ca,The Avid Group,,avidapparel.ca
Empire Stags,2175 Lake Shore Blvd W,,Ontario,,+1 647-225-9860,empire.stags@gmail.com,Empire Stags,,empirestags.ca
ELSJOY GOLF,1600 Steeles Ave W Unit 31,Concord,Ontario,,+1 437-577-4653,elsjoygolf@gmail.com,Elsjoy Golf,,elsjoygolf.ca
Eagle Vision Golf & Lounge,2709 Coventry Rd Unit 101,Oakville,Ontario,,+1 647-532-1575,eaglevisiongolf@outlook.com,Eagle Vision Golf And Lounge,,eaglevisiongolf.ca
ASC Golf Games,"Ancaster sports center, 1030 Lower Lions Club Rd",Hamilton,ON,,+1 289-309-5466,dread@bell.net,Asc Golf Games,,ascgolfgames.ca
Weston Golf & Country Club,50 St. Phillips Rd,,Ontario,"Picturesque golf course founded in 1909, featuring an elegant eatery, clubhouse & classes.",+1 416-241-5254,dpowell@westongolfcc.com,Weston Golf And Country Club,,westongolfcc.com
Patagonia,500 King St W,Toronto,Ontario,,+1 416-861-1102,directsales.europe@patagonia.com,Patagonia,,patagonia.ca
Alsco Uniforms,54 Junction Rd,Toronto,Ontario,,+1 647-692-7060,dbunch@alsoco.com,Alsco Uniforms,,alsco.com
Lopez,2616 Sheridan Garden Dr,Oakville,Ontario,,+1 800-668-5593,customerservice@nancylopezgolf.ca,Lopez,,nancylopezgolf.ca
Golf Clearance Warehouse,"@ Rolling Hills Golf Club, 12808 Warden Ave.",Whitchurch-Stouffville,Ontario,,+1 905-470-0974,customerservice@golfclearancewarehouse.com,Golf Clearance Warehouse,,golfclearancewarehouse.com
Oceanwaves Golf Tournament,70 Annie Craig Dr #4409,,Ontario,,+1 647-394-6684,coolken112@yahoo.com,Oceanwaves Golf Tournament,,oceanwavesgolf.com
Tempo Golf,3490 Laird Rd Unit 11,Mississauga,Ontario,,+1 437-783-5156,contact@tempogolf.ca,Tempo Golf,,tempogolf.ca
Golfi Elite Coaching,1 Markland St,Hamilton,Ontario,,+1 905-575-7700,coaching@golfiteam.com,Golfi Elite Coaching,,golfielitecoaching.com
Coach Carter Golf,222 Islington Ave. Unit 219,,Ontario,,+1 416-428-1361,coachcarter.bennett@gmail.com,Coach Carter Golf,,coachcartergolf.com
Club Vallelonga Monserrato,84 Colville Rd Unit 1-A,,Ontario,,+1 416-781-1438,clubvm@gmail.com,Club Vallelonga Monserrato,,clubvm.ca
Altea Liberty Village,25 Ordnance St,Toronto,Ontario,,+1 416-366-8551,cherise06@yahoo.ca,Altea Liberty Village,,alteaactive.com
Carmen's Event Centre,1520 Stone Church Rd E,Hamilton,Ontario,,+1 905-387-9490,cdelao@carmens.com,Carmens Event Centre,,carmens.com
Burlington Springs Golf & Country Club,5235 Cedar Springs Rd,Burlington,Ontario,,+1 905-335-2922,catering@pepperwood.on.ca,Burlington Springs Golf And Country Club,,burlingtonsprings.com
PING Canada,2790 Brighton Rd,Oakville,Ontario,,+1 800-352-7464,can_consumersupport@ping.com,Ping Canada,,ca.ping.com
Cambridge Golf & Fashions,611 Hespeler Rd,Cambridge,Ontario,,+1 519-622-3010,cambridge@golfandfashions.com,Cambridge Golf And Fashions,,golfandfashions.com
Bunkerville Indoor Golf,410 Adelaide St W,Toronto,Ontario,,+1 647-691-9974,bunkervillemanager@gmail.com,Bunkerville Indoor Golf,,bunkervillegolf.com
Greenfield Golf Inc.,7780 Woodbine Ave Unit 5,Markham,Ontario,,+1 905-946-1730,bsy@greenfieldgolf.ca,Greenfield Golf,,greenfieldgolf.ca
Swing Golf Lounge,1 Westside Dr Unit 2,,Ontario,,+1 416-622-0001,brian@swinggolflounge.ca,Swing Golf Lounge,,swinggolflounge.ca
Artik Promotional Products,314 Adelaide St E,Toronto,Ontario,"Stalwart, contemporary shop for custom print & embroidery on T-shirts, stickers, magnets & apparel.",+1 416-815-7770,branieri@artik.com,Artik Promotional Products,,artik.com
Petersen's Golf Shop,"Inside The Golfer’s Academy, 2392 Industrial St",Burlington,Ontario,,+1 905-875-7357,brad@petersensgolf.com,Petersens Golf Shop,,petersensgolf.com
SBF.GOLF - Second Ball First Golf - Indoor Golf,55 Sinclair Ave Unit 12Back,Halton Hills,Ontario,,+1 905-288-8155,bookings@sbf.golf,Sbf Golf Second Ball First Golf Indoor Golf,,sbf.golf
Master Golf,289 Horner Ave Suite C,,Ontario,,+1 647-295-8102,bogiegolf@mastergolf.ca,Master Golf,,mastergolf.ca
Hiller Golf,3540 Wyecroft Rd Unit 4,Oakville,Ontario,,+1 905-510-1020,bhill@hillergolf.com,Hiller Golf,,hillergolf.com
Balo Sports,6 Bowood Ave,Toronto,Ontario,,+1 416-544-9321,balosportinggoods@gmail.com,Balo Sports,,balosports.com
Green Birdie Golf,126 Tower Hill Rd Unit 11,Richmond Hill,Ontario,,+1 437-361-5288,admins@greenbirdiegolf.ca,Green Birdie Golf,,greenbirdiegolf.ca
Midtown's Tiny Tots Activity Centre,745 Mt Pleasant Rd Second Floor,Toronto,Ontario,,+1 647-609-8358,admin@midtownstinytots.com,Midtowns Tiny Tots Activity Centre,,midtownstinytots.com
Eclipse.golf,290 King St W,Hamilton,Ontario,,+1 289-931-0052,admin@golfideasdesigned.com,Eclipse Golf,,eclipse.golf
Golf Town Ancaster,"1100 Golf Links Rd, Unit 1",Ancaster,ON,"Large-format retail superstore offering clubs, bags, balls, custom fitting bays, and tournament apparel.",(905) 304-7405,gtsupport@golftown.com,,Store Management Team,https://locations.golftown.com/golf-town-3f736e2e8ceb
Slyce Golf,"570 Bryne Dr, Unit K",Barrie,ON,"Modern golf apparel, lifestyle gear, custom event accessories, and indoor simulation.",(647) 227-6908,info@slycegolf.ca,,Customer Support Team,https://www.slycegolf.ca
Chuck & Oaks Golf Shop,"3070 Mainway, Unit #13–14",Burlington,ON,"Independent custom club fitting, build shop, and equipment pro shop located inside FarAway Greens.",(289) 337-4139,info@chuckandoaks.com,,Gil Garbus (Co-Owner),https://chuckandoaks.com
Cambridge Golf Club Pro Shop,1346 Clyde Rd,Cambridge,ON,"Regional club pro shop offering custom corporate merchandising, apparel, and tournament prizes.",(519) 621-5491,chris@cambridgegolfclub.com,,Chris Neale (Head Pro),https://cambridgegolfclub.com
Golf Town,1100 Golf Links Rd,Hamilton,ON,,,hamilton@golftown.com,,,https://www.golftown.com/
Second Chance Sports,1050 Upper Gage Ave,Hamilton,ON,,,info@clubchampion.ca,,,https://clubchampion.ca
The Smash Factory,285 Ashland Ave,London,ON,"Boutique performance golf studio specializing in TrackMan custom club fitting, repairs, and builds.",(226) 927-6119,marc@smashfactory.ca,,Marc Lefebvre (Owner/Fitter),https://smashfactory.ca
Modern Golf Toronto Skymark,2785 Skymark Ave #17,Mississauga,ON,"Comprehensive custom club fitting studio, repair services, golf simulators, and brand-name retail shop.",(905) 629-1003,info@moderngolf.ca,,Customer Service / Fitting Team,https://moderngolf.ca
Golf-O-Max,1050 Baxter Rd,Ottawa,ON,"Long-running indoor golf simulation center, equipment fittings, corporate tournament services, and pro shop.",(613) 226-7058,jeff@golfomax.com,,Jeffrey Smith (PGA Professional),https://golfomax.com
Fore Golfers Only,43632 S Sparta Line,St. Thomas,ON,,,info@foregolfersonly.ca,,,https://foregolfersonly.ca
